"Id_Votacao";"Data";"Resultado";"TipoVotacao";"Projeto";"SiglaProjeto";"Assunto"
1995002,00;6/3/1995 00:00:00;"APR";1,00;"PL.";"PL.2331/91";"PL. 2331/91 - Projeto"
1995005,00;29/3/1995 00:00:00;"REG";2,00;"PL.";"PL.0194/95";"PL. 194/95 - Votação de requerimento de urgência art. 155 RI"
1995006,00;29/3/1995 00:00:00;"REJ";2,00;"PL.";"PL.3804/93";"PL. 3804/93 - Votação do parecer CCJR"
1995007,00;30/3/1995 00:00:00;"REJ";1,00;"MPV";"MPV0744/95";"MPV 919/95 (reedição da 744/95) - Votação da emenda nº 1"
1995009,00;4/4/1995 00:00:00;"APR";2,00;"PL.";"PL.0305/91";"PL. 305/91 -  Votação de recurso"
1995010,00;6/4/1995 00:00:00;"REJ";1,00;"MPV";"MPV0941/95";"PLV 06/95 - Votação da emenda nº 8"
1995011,00;18/4/1995 00:00:00;"REG";2,00;"PL.";"PL.0199/95";"PL. 199/95 - Votação de requerimento de urgência art. 155 RI"
1995012,00;19/4/1995 00:00:00;"APR";2,00;"PL.";"PL.0199/95";"PL. 199/95 - Votação de requerimento para desmembramento do projeto"
1995013,00;26/4/1995 00:00:00;"APR";1,00;"PL.";"PL.0040/95";"PL. 40/95 - Projeto"
1995014,00;27/4/1995 00:00:00;"APR";2,00;"PDC";"PDC0443/94";"PDC 443/1994 - Votação de requerimento de retirada de pauta"
1995015,00;2/5/1995 00:00:00;"REJ";2,00;"PEC";"PEC0004/95";"PEC 04/95 - Votação de requerimento de retirada de pauta"
1995017,00;4/5/1995 00:00:00;"APR";1,00;"PL.";"PL.3981/93";"PL. 3981/93 - Votação da emenda do Senado Federal"
1995018,00;9/5/1995 00:00:00;"REJ";2,00;"PEC";"PEC0005/95";"PEC 05/95 - Votação de requerimento de retirada de pauta"
1995019,00;10/5/1995 00:00:00;"REG";1,00;"PEC";"PEC0005/95";"PEC 05/95 - Substitutivo"
1995020,00;10/5/1995 00:00:00;"REG";1,00;"PEC";"PEC0005/95";"PEC 05/95 - Votação da emenda nº 2"
1995021,00;11/5/1995 00:00:00;"APR";2,00;"PEC";"PEC0004/95";"PEC 04/95 - Votação de requerimento de encerramento da sessão"
1995022,00;16/5/1995 00:00:00;"REG";1,00;"PEC";"PEC0004/95";"PEC 04/95 - Proposta"
1995023,00;16/5/1995 00:00:00;"REG";1,00;"PEC";"PEC0004/95";"PEC 04/95 - Votação de dvs art. nº 2"
1995024,00;16/5/1995 00:00:00;"REJ";2,00;"PEC";"PEC0007/95";"PEC 07/95  - Votação de requerimento adiamento da discussão"
1995025,00;17/5/1995 00:00:00;"APR";2,00;"PEC";"PEC0007/95";"PEC 07/95 - Votação de requerimento de encerramento da discusão"
1995026,00;17/5/1995 00:00:00;"REG";1,00;"PEC";"PEC0007/95";"PEC 07/95 - Substitutivo."
1995027,00;17/5/1995 00:00:00;"REG";1,00;"PEC";"PEC0007/95";"PEC 07/95 - Votação de dvs da expressão ""lei Complementar""."
1995028,00;17/5/1995 00:00:00;"REG";1,00;"PEC";"PEC0007/95";"PEC 07/95 - Votação de destaque para a expressão marítimo."
1995029,00;17/5/1995 00:00:00;"REG";1,00;"PEC";"PEC0007/95";"PEC 07/95 - Votação de dvs parágrafo único emenda nº 1"
1995030,00;17/5/1995 00:00:00;"REG";1,00;"PEC";"PEC0007/95";"PEC 07/95 - Votação de dvs do parágrafos 1 2 3 e 4 do artigo"
1995031,00;17/5/1995 00:00:00;"REG";1,00;"PEC";"PEC0007/95";"PEC 07/95 - Votação de dvs dos parágrafos nº 3, 4 e 5 da emenda nº 3"
1995032,00;17/5/1995 00:00:00;"REG";1,00;"PEC";"PEC0007/95";"PEC 07/95 - Votação da emenda nº 3 parágrafo 3º do art. 178"
1995033,00;18/5/1995 00:00:00;"REJ";2,00;"PEC";"PEC0005/95";"PEC 05/95 - Votação de requerimento de retirada de pauta"
1995034,00;23/5/1995 00:00:00;"REG";1,00;"PEC";"PEC0005/95";"PEC 05/95 - Projeto segundo turno"
1995035,00;24/5/1995 00:00:00;"REJ";2,00;"PEC";"PEC0003/95";"PEC 03/95 - Votação de requerimento de retirada de pauta"
1995036,00;24/5/1995 00:00:00;"REJ";2,00;"PEC";"PEC0003/95";"PEC 03/95 - Votação de requerimento de retirada de pauta"
1995037,00;24/5/1995 00:00:00;"REG";1,00;"PEC";"PEC0003/95";"PEC 03/95 - Substitutivo"
1995038,00;24/5/1995 00:00:00;"REG";1,00;"PEC";"PEC0003/95";"PEC 03/95 - Votação de dvs da expressão ""autorização / permissão"""
1995039,00;24/5/1995 00:00:00;"REG";1,00;"PEC";"PEC0003/95";"PEC 03/95 - Votação de dvs da expressão "" Lei Complementar""."
1995040,00;24/5/1995 00:00:00;"REG";1,00;"PEC";"PEC0003/95";"PEC 03/95 - Votação de dvs da expressão ""ressalvado o disposto...."""
1995041,00;24/5/1995 00:00:00;"REG";1,00;"PEC";"PEC0003/95";"PEC 03/95 - Votação de dvs da expressão "" asegurada a prestação..."""
1995042,00;30/5/1995 00:00:00;"REJ";2,00;"PEC";"PEC0007/95";"PEC 07/95 - Votação de requerimento de retirada de pauta"
1995043,00;31/5/1995 00:00:00;"REG";1,00;"PEC";"PEC0007/95";"PEC 07/95 - Projeto segundo turno"
1995044,00;6/6/1995 00:00:00;"REG";1,00;"PEC";"PEC0003/95";"PEC 03/95 - Projeto"
1995045,00;6/6/1995 00:00:00;"REG";1,00;"PEC";"PEC0003/95";"PEC 03/95 - Votação de dvs expressão "" ou mediante autorização..."""
1995046,00;7/6/1995 00:00:00;"REJ";2,00;"PEC";"PEC0006/95";"PEC 06/95 - Votação de requerimento adiamento da discussão"
1995047,00;7/6/1995 00:00:00;"REG";1,00;"PEC";"PEC0006/95";"PEC 06/95 - Substitutivo."
1995048,00;7/6/1995 00:00:00;"REG";1,00;"PEC";"PEC0006/95";"PEC 06/95 - Votação de dvs da expressão ""ou privadas""."
1995049,00;7/6/1995 00:00:00;"REG";1,00;"PEC";"PEC0006/95";"PEC 06/95 - Votação do inciso III contido em expressão."
1995050,00;7/6/1995 00:00:00;"REG";1,00;"PEC";"PEC0006/95";"PEC 06/95 - Votação da emenda nº 5 ."
1995051,00;7/6/1995 00:00:00;"REG";1,00;"PEC";"PEC0006/95";"PEC 06/95 - Votação de expressão ""regulação o disciplinamento...""."
1995052,00;7/6/1995 00:00:00;"REG";1,00;"PEC";"PEC0006/95";"PEC 06/95 - Votação de expressão: ""que disporá sobre regulação..."""
1995053,00;20/6/1995 00:00:00;"REJ";2,00;"PEC";"PEC0006/95";"PEC 06/95 - Votação de requerimento adiamento da discussão"
1995054,00;20/6/1995 00:00:00;"REG";1,00;"PEC";"PEC0006/95";"PEC 06/95 - Projeto"
1995056,00;27/6/1995 00:00:00;"REG";2,00;"PLP";"PLP0017/95";"PLP 17/95 - Votação de requerimento de urgência art. 155 RI"
1995057,00;28/6/1995 00:00:00;"APR";1,00;"MPV";"MPV0890/95";"PLV 14/95 - Projeto"
1995059,00;8/8/1995 00:00:00;"APR";2,00;"PL.";"PL.4087/93";"PL. 4078/93 - Requerimento contra poder terminativo da comissão"
1995060,00;9/8/1995 00:00:00;"REG";2,00;"PL.";"PL.0373/95";"PL. 373/95 - Votação de requerimento de urgência art. 155 RI"
1995063,00;15/8/1995 00:00:00;"APR";1,00;"PL.";"PL.0373/95";"PL. 373/95 - Votação da emenda nº 4"
1995064,00;15/8/1995 00:00:00;"REQ";1,00;"PL.";"PL.0373/95";"PL. 373/95 - Votação da emenda nº  3 ."
1995065,00;15/8/1995 00:00:00;"APR";1,00;"PL.";"PL.0373/95";"PL. 373/95 - Votação de dvs do artigo nº1."
1995067,00;16/8/1995 00:00:00;"IND";2,00;"PL.";"PL.1670/89";"PL. 1670/89 - Votação de requerimento para extinção da urgência"
1995068,00;16/8/1995 00:00:00;"APR";2,00;"PL.";"PL.4792/90";"PL. 4792/90 - Votação de requerimento de retirada de pauta"
1995069,00;17/8/1995 00:00:00;"REJ";2,00;"PL.";"PL.4555/94";"PL. 4555/94 - Votação de recurso"
1995070,00;22/8/1995 00:00:00;"REG";2,00;"PL.";"PL.0426/95";"PL. 426/95 - Votação de requerimento de urgência art. 155 RI"
1995071,00;24/8/1995 00:00:00;"APR";1,00;"PL.";"PL.0426/95";"PL. 426/95 - Projeto"
1995073,00;29/8/1995 00:00:00;"REG";2,00;"PDL";"PDL0365/93";"PDL 365/93 - Votação de requerimento de urgência art. 155 RI"
1995074,00;30/8/1995 00:00:00;"IND";2,00;"PL.";"PL.0047/95";"PL. 47/95 - Votação de requerimento de retirada de pauta"
1995075,00;30/8/1995 00:00:00;"REG";1,00;"PLP";"PLP0047/95";"PLP 47/95 - Substitutivo"
1995076,00;12/9/1995 00:00:00;"REG";2,00;"PL.";"PL.0869/95";"PL. 869/95  - Votação de requerimento de urgência art. 155 RI"
1995078,00;12/9/1995 00:00:00;"REG";2,00;"PDC";"PDC0160/95";"PDC 160/95 - Votação de requerimento de urgência art. 155 RI"
1995079,00;13/9/1995 00:00:00;"REJ";1,00;"PL.";"PL.0869/95";"PL. 869/95 - Votação da emenda nº 1"
1995080,00;13/9/1995 00:00:00;"REJ";1,00;"PL.";"PL.0180/95";"PL. 180/95 - Votação da emenda nº 42"
1995081,00;13/9/1995 00:00:00;"REJ";1,00;"PL.";"PL.0180/95";"PL. 180/95 - Votação da emenda nº 143"
1995083,00;14/9/1995 00:00:00;"REJ";2,00;"PL.";"PL.0180/95";"PL. 180/95 -  Votação de requerimento de destaque para a emenda nº 35 ."
1995086,00;26/9/1995 00:00:00;"REG";2,00;"MSF";"MSG0978/95";"MSG 984/95  - Votação de requerimento de urgência art. 155 RI"
1995087,00;27/9/1995 00:00:00;"REJ";1,00;"PL.";"PL.0180/95";"PL. 180/95  - Votação de dvs da emenda nº 41"
1995088,00;27/9/1995 00:00:00;"REQ";1,00;"PL.";"PL.0180/95";"PL. 180/95 - Votação da emenda nº 6"
1995089,00;27/9/1995 00:00:00;"REJ";1,00;"PL.";"PL.0180/95";"PL. 180/95 - Votação da emenda nº 34."
1995091,00;5/10/1995 00:00:00;"IND";2,00;"PL.";"PL.4645/94";"PL. 4645/94 - Votação de requerimento de retirada de pauta"
1995093,00;18/10/1995 00:00:00;"REG";2,00;"PL.";"PL.1088/95";"PL. 1088/95 - Votação de requerimento de urgência art. 155 RI"
1995094,00;18/10/1995 00:00:00;"REG";2,00;"PLP";"PLP0202/89";"PLP 202/89 - Votação de requerimento de urgência art.155 RI"
1995095,00;24/10/1995 00:00:00;"REJ";1,00;"PL.";"PL.1088/95";"PL. 1088/95 - Projeto"
1995096,00;26/10/1995 00:00:00;"APR";1,00;"PLN";"PLN0032/95";"MSG 377/95 - Substitutivo"
1995098,00;26/10/1995 00:00:00;"REJ";2,00;"PLP";"PLP0009/95";"PLP 09/95 - Votação de requerimento adiamento da discussão"
1995099,00;31/10/1995 00:00:00;"REG";2,00;"PL.";"PL.0914/95";"PL. 914/95  - Votação de requerimento de urgência art. 155 RI"
1995102,00;31/10/1995 00:00:00;"REG";1,00;"PLP";"PLP0009/95";"PLP 09/95 - Votação de destaque da expressão ""vinte por cento"""
1995103,00;31/10/1995 00:00:00;"REG";1,00;"PLP";"PLP0009/95";"PLP 09/95 - Votação de dvs da expressão "" cooperativas de créditos """
1995104,00;31/10/1995 00:00:00;"REG";1,00;"PLP";"PLP0009/95";"PLP 09/95 - Votação de dvs do artigo nº 3"
1995105,00;31/10/1995 00:00:00;"REG";1,00;"PLP";"PLP0009/95";"PLP 09/95 - Votação de subemenda a emenda nº 4"
1995107,00;1/11/1995 00:00:00;"APR";2,00;"PEC";"PEC0163/95";"PEC 163/95 - Votação de requerimento de encerramento da sessão"
1995108,00;1/11/1995 00:00:00;"REG";1,00;"PEC";"PEC0163/95";"PEC 163/95 - Substitutivo"
1995109,00;1/11/1995 00:00:00;"REG";1,00;"PEC";"PEC0163/95";"PEC 163/95 - Votação de dvs do artigo nº 71 emenda nº 7"
1995110,00;1/11/1995 00:00:00;"REG";1,00;"PEC";"PEC0163/95";"PEC 163/95 - Votação de dvs da expressão ""pelo prazo de dois anos"""
1995111,00;1/11/1995 00:00:00;"REG";1,00;"PEC";"PEC0163/95";"PEC 163/95 - Votação de dvs da expressão "" prioritariamente "" art. 71"
1995113,00;7/11/1995 00:00:00;"REG";1,00;"PEC";"PEC0163/95";"PEC 163/95 - Votação de dvs da expressão ""e despesas orçamentárias..."""
1995114,00;7/11/1995 00:00:00;"REG";1,00;"PEC";"PEC0163/95";"PEC 163/95 - Votação de dvs da expressão ""a qual nos exercícios..."""
1995115,00;7/11/1995 00:00:00;"REG";1,00;"PEC";"PEC0163/95";"PEC 163/95 - Votação de dvs da expressão ""ou a serem criados"""
1995117,00;8/11/1995 00:00:00;"REJ";2,00;"PEC";"PEC0163/95";"PEC 163/95 - Votação de questão de ordem para a concessão de efeito suspensivo"
1995118,00;8/11/1995 00:00:00;"REG";1,00;"PEC";"PEC0163/95";"PEC 163/95 - Votação de dvs da emenda nº 5 da Comissão Especial"
1995119,00;8/11/1995 00:00:00;"REG";2,00;"PL.";"PL.0913/95";"PL. 913/95 - Votação de requerimento de urgência art.155 RI"
1995120,00;8/11/1995 00:00:00;"REG";2,00;"PRC";"PRC0060/95";"PRC 60/95 - Votação de requerimento de urgência art.155 RI"
1995121,00;9/11/1995 00:00:00;"APR";1,00;"PL.";"PL.0913/95";"PL. 913/95 - Substitutivo"
1995122,00;22/11/1995 00:00:00;"REG";1,00;"PEC";"PEC0163/95";"PEC 163/95 - Projeto"
1995123,00;22/11/1995 00:00:00;"REG";1,00;"PEC";"PEC0163/95";"PEC 163/95 - Votação de dvs da expressão ""e despesas ... e social"""
1995124,00;22/11/1995 00:00:00;"REG";1,00;"PEC";"PEC0163/95";"PEC 163/95 - Votação de dvs da expressão ""a qual ... junho/1997"""
1995125,00;22/11/1995 00:00:00;"REG";1,00;"PEC";"PEC0163/95";"PEC 163/95 - Votação de dvs da expressão ""ou a serem criadas"""
1995126,00;23/11/1995 00:00:00;"APR";1,00;"MPV";"MPV1159/95";"PLV 21/95 - Projeto"
1995129,00;29/11/1995 00:00:00;"REG";2,00;"PL.";"PL.1236/95";"PL. 1236/95 - Votação de requerimento de urgência art. 155 RI"
1995130,00;29/11/1995 00:00:00;"REG";2,00;"PL.";"PL.1727/91";"PL. 1727/91 - Votação de requerimento de urgência art. 155 RI"
1995131,00;29/11/1995 00:00:00;"REG";2,00;"PRC";"PRC0021/95";"PRC 21/95 - Votação de requerimento de urgência art.155 RI"
1995132,00;5/12/1995 00:00:00;"REG";1,00;"PEC";"PEC0048/95";"PEC 48/95 - Substitutivo"
1995133,00;6/12/1995 00:00:00;"APR";1,00;"PL.";"PL.1236/95";"PL. 1236/95 - Substitutivo"
1995134,00;12/12/1995 00:00:00;"REG";2,00;"PL.";"PL.0899/95";"PL. 899/95  - Votação de requerimento de urgência art. 155 RI"
1995135,00;13/12/1995 00:00:00;"REG";1,00;"PEC";"PEC0048/95";"PEC 48/95 - Projeto segundo turno."
1995136,00;13/12/1995 00:00:00;"REJ";2,00;"PL.";"PL.0899/95";"PL. 899/95 - Votação de requerimento de retirada de pauta."
1996002,00;17/1/1996 00:00:00;"APR";1,00;"PL.";"PL.0914/95";"PL. 914/95 - Projeto"
1996005,00;5/3/1996 00:00:00;"IND";2,00;"PEC";"PEC0033/95";"PEC 33/95 - Votação de requerimento adiamento da discussão"
1996006,00;6/3/1996 00:00:00;"IND";2,00;"PEC";"PEC0033/95";"PEC 33/95 - Votação de requerimento de encerramento da discusão"
1996007,00;6/3/1996 00:00:00;"REG";1,00;"PEC";"PEC0033/95";"PEC 33/95 - Substitutivo"
1996008,00;12/3/1996 00:00:00;"REJ";2,00;"PL.";"PL.0824/91";"PL. 824/95 - Votação de requerimento de retirada de pauta"
1996009,00;19/3/1996 00:00:00;"IND";2,00;"PL.";"PL.0824/91";"PL. 824/91 - Votação de requerimento de retirada de pauta"
1996010,00;20/3/1996 00:00:00;"IND";2,00;"PEC";"PEC0033/95";"PEC 33/95 - Votação de questão de ordem para a concessão de efeito suspensivo"
1996011,00;21/3/1996 00:00:00;"REG";1,00;"PEC";"PEC0033/95";"PEC 33/95 - Votação da emenda aglutinativa substitutiva nº 6"
1996012,00;10/4/1996 00:00:00;"REJ";1,00;"PL.";"PL.0824/91";"PL. 824/91 - Votação de dvs do Inciso III E parágrafo único"
1996013,00;17/4/1996 00:00:00;"REG";1,00;"PLP";"PLP0075/95";"PLP 75/95 - Projeto"
1996014,00;17/4/1996 00:00:00;"REG";1,00;"PLP";"PLP0075/95";"PLP 75/95 - Votação de dvs ""nos casos/inelegibilidade"""
1996015,00;17/4/1996 00:00:00;"REG";1,00;"PLP";"PLP0075/95";"PLP 75/95 - Votação de dvs ""possibilitando-se o exercício..."""
1996016,00;17/4/1996 00:00:00;"REG";1,00;"PLP";"PLP0075/95";"PLP 75/95 - Votação de dvs "" aplicando-se ..."" (retroatividade)"
1996018,00;24/4/1996 00:00:00;"REG";1,00;"PEC";"PEC0041/91";"PEC 41/91 - Substitutivo"
1996021,00;7/5/1996 00:00:00;"REJ";2,00;"PEC";"PEC0233/95";"PEC 233/95 - Votação de requerimento adiamento da discussão"
1996022,00;7/5/1996 00:00:00;"REG";2,00;"PL.";"PL.1287/95";"PL. 1287/95  - Votação de requerimento de urgência art. 155 RI"
1996023,00;8/5/1996 00:00:00;"REG";1,00;"PEC";"PEC0233/95";"PEC 233/95 - Substitutivo"
1996024,00;8/5/1996 00:00:00;"REG";1,00;"PEC";"PEC0233/95";"PEC 233/95 - Votação de destaque emenda nº 18"
1996025,00;8/5/1996 00:00:00;"REG";1,00;"PEC";"PEC0233/95";"PEC 233/95 - Votação de destaque emenda nº 38"
1996027,00;8/5/1996 00:00:00;"REG";1,00;"PEC";"PEC0233/95";"PEC 233/95 - Votação de dvs da emenda nº 35"
1996028,00;14/5/1996 00:00:00;"APR";1,00;"PL.";"PL.1287/95";"PL. 1287/95 - Substitutivo"
1996029,00;15/5/1996 00:00:00;"REG";1,00;"PEC";"PEC0033/95";"PEC 33/95 - Votação de dvs nº 4 expressão "" os cargos"""
1996030,00;15/5/1996 00:00:00;"REG";1,00;"PEC";"PEC0033/95";"PEC 33/95 - Votação de dvs do artigo nº 40"
1996031,00;15/5/1996 00:00:00;"REG";1,00;"PEC";"PEC0033/95";"PEC 33/95 - Votação de dvs nº 14"
1996032,00;15/5/1996 00:00:00;"REJ";2,00;"PEC";"PEC0033/95";"PEC 33/95 - Votação de requerimento para a prorrogação da sessão"
1996033,00;21/5/1996 00:00:00;"REG";2,00;"PL.";"PL.1724/96";"PL. 1724/96  - Votação de requerimento de urgência art. 155 RI"
1996034,00;21/5/1996 00:00:00;"REG";2,00;"PL.";"PL.0102/95";"PL. 102/95 - Votação de requerimento de urgência art. 155 RI"
1996036,00;22/5/1996 00:00:00;"REG";1,00;"PEC";"PEC0033/95";"PEC 33/95 - Votação de dvs nº 24"
1996037,00;22/5/1996 00:00:00;"REG";1,00;"PEC";"PEC0033/95";"PEC 33/95 - Votação de dvs nº 26"
1996038,00;22/5/1996 00:00:00;"REG";1,00;"PEC";"PEC0033/95";"PEC 33/95 - Votação de dvs nº 48"
1996039,00;28/5/1996 00:00:00;"REG";1,00;"PEC";"PEC0033/95";"PEC 33/95 - Votação de dvs nº 64"
1996041,00;28/5/1996 00:00:00;"REG";1,00;"PEC";"PEC0033/95";"PEC 33/95 - Votação de dvs nº 71"
1996042,00;28/5/1996 00:00:00;"REG";1,00;"PEC";"PEC0033/95";"PEC 33/95 - Votação da emenda aglutinativa nº 12"
1996044,00;29/5/1996 00:00:00;"REG";1,00;"PEC";"PEC0033/95";"PEC 33/95 - Votação de dvs nº 85"
1996045,00;29/5/1996 00:00:00;"REG";1,00;"PEC";"PEC0033/95";"PEC 33/95 - Votação de dvs nº 100"
1996046,00;29/5/1996 00:00:00;"REG";1,00;"PEC";"PEC0033/95";"PEC 33/95 - Votação de dvs nº 104"
1996047,00;29/5/1996 00:00:00;"REG";1,00;"PEC";"PEC0033/95";"PEC 33/95 - Votação da emenda aglutinativa nº 17"
1996048,00;29/5/1996 00:00:00;"REG";1,00;"PEC";"PEC0033/95";"PEC 33/95 - Votação de dvs nº 123"
1996049,00;30/5/1996 00:00:00;"REG";1,00;"PEC";"PEC0033/95";"PEC 33/95  - Votação de dvs nº 133"
1996050,00;4/6/1996 00:00:00;"REJ";2,00;"PL.";"PL.0490/95";"PL. 490/95 - Votação de recurso nº 65/96"
1996052,00;11/6/1996 00:00:00;"REG";2,00;"PL.";"PL.1409/96";"PL. 1409/96 - Votação de requerimento de urgência art. 155 RI"
1996053,00;11/6/1996 00:00:00;"REG";1,00;"PEC";"PEC0033/95";"PEC 33/95 - Votação de dvs nº 140"
1996055,00;11/6/1996 00:00:00;"APR";1,00;"PL.";"PL.4018/93";"PL. 4018/93 - Projeto"
1996056,00;12/6/1996 00:00:00;"REG";1,00;"PEC";"PEC0033/95";"PEC 33/95 - Votação de dvs nº 153"
1996057,00;12/6/1996 00:00:00;"REG";1,00;"PEC";"PEC0033/95";"PEC 33/95 - Votação de dvs nº 158."
1996058,00;12/6/1996 00:00:00;"REG";1,00;"PEC";"PEC0033/95";"PEC 33/95 - Votação de dvs nº 148"
1996059,00;12/6/1996 00:00:00;"REG";1,00;"PEC";"PEC0033/95";"PEC 33/95 - Votação de dvs nº 156 - A"
1996060,00;12/6/1996 00:00:00;"REG";1,00;"PEC";"PEC0033/95";"PEC 33/95 - Votação de dvs nº 173"
1996061,00;18/6/1996 00:00:00;"REG";1,00;"PEC";"PEC0033/95";"PEC 33/95 - Votação de dvs nº 185"
1996062,00;18/6/1996 00:00:00;"REG";1,00;"PEC";"PEC0233/95";"PEC 233-c/95 - Projeto segundo turno"
1996063,00;18/6/1996 00:00:00;"APR";1,00;"PL.";"PL.0102/95";"PL. 102/95 - Votação de dvs da expressão ""moradia e respectiva"""
1996064,00;19/6/1996 00:00:00;"REG";1,00;"PEC";"PEC0033/95";"PEC 33/95 - Votação de dvs nº 195"
1996065,00;19/6/1996 00:00:00;"REG";1,00;"PEC";"PEC0033/95";"PEC 33/95 - Votação de dvs nº 199"
1996066,00;19/6/1996 00:00:00;"REG";1,00;"PEC";"PEC0033/95";"PEC 33/95 - Votação de dvs nº 204."
1996068,00;19/6/1996 00:00:00;"REG";1,00;"PEC";"PEC0033/95";"PEC 33/95 - Votação de emenda aglutinativa nº 16"
1996069,00;19/6/1996 00:00:00;"REG";1,00;"PEC";"PEC0033/95";"PEC 33/95 - Votação de dvs nº 222"
1996070,00;19/6/1996 00:00:00;"REG";1,00;"PEC";"PEC0033/95";"PEC 33/95 - Votação de emenda aglutinativa nº 23"
1996071,00;19/6/1996 00:00:00;"REG";1,00;"PEC";"PEC0033/95";"PEC 33/95 - Votação de dvs nº 220"
1996075,00;26/6/1996 00:00:00;"REG";2,00;"PRC";"PRC0060/95";"PRC 60/95 - Votação de requerimento de urgência art.155 RI"
1996076,00;26/6/1996 00:00:00;"APR";1,00;"PRC";"PRC0060/95";"PRC 60/95 - Votação de subemenda substitutiva"
1996079,00;3/7/1996 00:00:00;"REG";2,00;"PL.";"PL.1669/96";"PL. 1669/96 - Votação de requerimento de urgência art. 155 RI"
1996080,00;3/7/1996 00:00:00;"REG";1,00;"PL.";"PL.4716/94";"PL. 4716/94 - Votação de destaque da expressão ""ou grave"""
1996081,00;9/7/1996 00:00:00;"REG";2,00;"PL.";"PL.1125/95";"PL. 1125/95  - Votação de requerimento de urgência art. 155 RI"
1996082,00;10/7/1996 00:00:00;"REG";1,00;"PEC";"PEC0256/95";"PEC 256/95 - Proejto"
1996084,00;10/7/1996 00:00:00;"REG";1,00;"PEC";"PEC0256/95";"PEC 256/95 - Votação de emenda aglutinativa nº 1"
1996085,00;10/7/1996 00:00:00;"REG";1,00;"PEC";"PEC0256/95";"PEC 256/95 - Votação de dvs da emenda nº 09"
1996086,00;16/7/1996 00:00:00;"IND";1,00;"PL.";"PL.2801/92";"PL. 2801/92 - Substitutivo do Senado Federal"
1996087,00;17/7/1996 00:00:00;"REG";1,00;"PEC";"PEC0033/95";"PEC 33/95 - Projeto segundo turno"
1996088,00;24/7/1996 00:00:00;"REG";1,00;"PEC";"PEC0256/95";"PEC 256/95 - Projeto segundo turno"
1996089,00;24/7/1996 00:00:00;"REG";1,00;"PEC";"PEC0367/96";"PEC 367/96 - Projeto"
1996090,00;24/7/1996 00:00:00;"REG";1,00;"PL.";"PL.1669/96";"PL. 1669/96 -  Votação de subemenda substitutiva"
1996091,00;6/8/1996 00:00:00;"REG";2,00;"PL.";"PL.1612/96";"PL. 1612/96  - Votação de requerimento de urgência art. 155 RI"
1996092,00;6/8/1996 00:00:00;"REJ";1,00;"PL.";"PL.1669/96";"PL. 1669/96 - Destaque Emenda 34"
1996093,00;7/8/1996 00:00:00;"APR";1,00;"PL.";"PL.0201/95";"PL. 201/95 - Substitutivo"
1996094,00;13/8/1996 00:00:00;"REG";2,00;"PLP";"PLP0060/95";"PLP 60/95 - Votação de requerimento de urgência art.155 RI"
1996099,00;27/8/1996 00:00:00;"REG";2,00;"PLP";"PLP0095/96";"PLP 95/96 - Votação de requerimento de urgência art.155 RI"
1996100,00;27/8/1996 00:00:00;"REJ";2,00;"PLP";"PLP0089/96";"PLP 89/96 - Votação de requerimento adiamento da discussão"
1996101,00;27/8/1996 00:00:00;"REG";1,00;"PLP";"PLP0089/96";"PLP 89/96 - Substitutivo"
1996102,00;27/8/1996 00:00:00;"REG";1,00;"PL.";"PLP0089/96";"PLP 89/96 - Votação de dvs da expressão "" ao seu uso ou consumo"""
1996104,00;10/9/1996 00:00:00;"REG";2,00;"PL.";"PL.2317/96";"PL. 2317/96 - Votação de requerimento de urgência art. 155 RI"
1996105,00;11/9/1996 00:00:00;"APR";1,00;"PL.";"PL.7865/86";"PL. 7865/86 - Votação de dvs capitulo III"
1996106,00;11/9/1996 00:00:00;"REJ";1,00;"PL.";"PL.2317/96";"PL. 2317/96 - Votação de dvs do emenda nº 15 ( Art.11 )"
1996107,00;8/10/1996 00:00:00;"APR";2,00;"PL.";"PL.0189/83";"PL. 189/83 - Votação da MSG 1354/95 para a retirada de tramitação do projeto"
1996108,00;8/10/1996 00:00:00;"REG";2,00;"PL.";"PL.1801/96";"PL. 1801/96 - Votação de requerimento de urgência art. 155 RI"
1996109,00;9/10/1996 00:00:00;"APR";1,00;"PL.";"PL.1801/96";"PL. 1801/96 - Votação de dvs do artigo nº 3"
1996110,00;15/10/1996 00:00:00;"REG";2,00;"PL.";"PL.1487/96";"PL. 1487/96 - Votação de requerimento de urgência art. 155 RI"
1996111,00;16/10/1996 00:00:00;"APR";1,00;"PL.";"PL.1487/96";"PL. 1487/96 - Projeto"
1996112,00;22/10/1996 00:00:00;"REG";2,00;"PL.";"PL.1838/96";"PL. 1838/96 - Votação de requerimento de urgência art. 155 RI"
1996113,00;23/10/1996 00:00:00;"APR";1,00;"PL.";"PL.1838/96";"PL. 1838/96 - Projeto"
1996114,00;30/10/1996 00:00:00;"REJ";2,00;"PL.";"PL.1536/96";"PL. 1536/96 - Recurso nº 109"
1996116,00;19/11/1996 00:00:00;"REG";2,00;"PL.";"PL.2448/96";"PL. 2448/96 - Votação de requerimento de urgência art. 155 RI"
1996117,00;20/11/1996 00:00:00;"APR";1,00;"PL.";"PL.2448/96";"PL. 2448/96 - Votação da emenda nº 7"
1996118,00;20/11/1996 00:00:00;"REG";1,00;"PEC";"PEC0198/95";"PEC 198/95 - Projeto"
1996119,00;21/11/1996 00:00:00;"REJ";2,00;"PDC";"PDC0337/96";"PDC 337/96 - Votação de requerimento de retirada de pauta"
1996120,00;27/11/1996 00:00:00;"REG";2,00;"PL.";"PL.0738/95";"PL. 738/95  - Votação de requerimento de urgência art. 155 RI"
1996121,00;27/11/1996 00:00:00;"IND";1,00;"PL.";"PL.0846/95";"PL. 846/95 - Votação de dvs do parágrafo 6. Do Art. 11."
1996123,00;3/12/1996 00:00:00;"APR";1,00;"PL.";"PL.1325/95";"PL. 1325/95 - Substitutivo da comissão."
1996124,00;4/12/1996 00:00:00;"IND";1,00;"PL.";"PL.1724/96";"PL. 1724/96 - Votação subemenda substitutiva"
1996125,00;10/12/1996 00:00:00;"REG";2,00;"PL.";"PL.1275/95";"PL. 1275/95  - Votação de requerimento de urgência art. 155 RI"
1996126,00;10/12/1996 00:00:00;"REG";2,00;"PL.";"PL.1564/96";"PL. 1564/96 - Votação de requerimento de urgência art. 155 RI"
1996127,00;11/12/1996 00:00:00;"APR";1,00;"PL.";"PL.1275/95";"PL. 1275/95 - Projeto"
1996128,00;11/12/1996 00:00:00;"IND";2,00;"PL.";"PL.1151/95";"PL. 1151/95 - Votação de requerimento adiamento da discussão"
1996129,00;17/12/1996 00:00:00;"APR";1,00;"PL.";"PL.1258/88";"PL. 1258/88 -  Votação de emendas do Senado"
1997001,00;7/1/1997 00:00:00;"REG";2,00;"PL.";"PL.2653/96";"PL. 2653/96 - Votação de requerimento de urgência art. 155 RI"
1997002,00;8/1/1997 00:00:00;"REG";2,00;"PL.";"PL.0720/95";"PL. 720/95  - Votação de requerimento de urgência art. 155 RI"
1997004,00;28/1/1997 00:00:00;"REG";1,00;"PEC";"PEC0001/95";"PEC 01/95 - Substitutivo da comissão"
1997005,00;29/1/1997 00:00:00;"REG";1,00;"PEC";"PEC0001/95";"PEC 01/95 -Votação de destaque da emenda nº 4"
1997006,00;29/1/1997 00:00:00;"REG";1,00;"PEC";"PEC0001/95";"PEC 01/95 - Votação de dvs da expressão ""ou eleitos para"""
1997008,00;29/1/1997 00:00:00;"REG";1,00;"PEC";"PEC0001/95";"PEC 01/95 - Votação de dvs da emenda nº 8"
1997009,00;29/1/1997 00:00:00;"REG";1,00;"PEC";"PEC0001/95";"PEC 01/95 - Votação de emenda aglutinativa nº 1"
1997010,00;29/1/1997 00:00:00;"REG";1,00;"PEC";"PEC0001/95";"PEC 01/95 - Votação da emenda nº 11"
1997011,00;25/2/1997 00:00:00;"REG";1,00;"PEC";"PEC0001/95";"PEC 01/95 - Projeto segundo turno"
1997012,00;11/3/1997 00:00:00;"APR";1,00;"PL.";"PL.1317/88";"PL. 1317/88 - Mensagem nº 221/96"
1997013,00;11/3/1997 00:00:00;"REG";2,00;"PL.";"PL.2142/96";"PL. 2142/96 - Votação de requerimento de urgência art. 155 RI"
1997016,00;12/3/1997 00:00:00;"REG";2,00;"PL.";"PL.2319/96";"PL. 2319/96  - Votação de requerimento de urgência art. 155 RI"
1997017,00;12/3/1997 00:00:00;"REG";2,00;"PL.";"PL.1869/96";"PL. 1869/96 - Votação de requerimento de urgência art. 155 RI"
1997018,00;12/3/1997 00:00:00;"APR";1,00;"PL.";"PL.1210/95";"PL. 1210/95 - Substitutivo da comissão."
1997019,00;12/3/1997 00:00:00;"APR";1,00;"PL.";"PL.1210/95";"PL. 1210/95 - Substitutivo"
1997020,00;18/3/1997 00:00:00;"REJ";1,00;"PL.";"PL.1210/95";"PL. 1210/95 - Votação de dvs do artigo nº 56"
1997021,00;1/4/1997 00:00:00;"REJ";2,00;"PEC";"PEC0173/95";"PEC 173/95 - Votação de requerimento adiamento da discussão"
1997022,00;9/4/1997 00:00:00;"REG";1,00;"PEC";"PEC0173/95";"PEC 173/95 - Substitutivo Da comissão"
1997024,00;15/4/1997 00:00:00;"REG";2,00;"PL.";"PL.2190/96";"PL. 2190/96  - Votação de requerimento de urgência art. 155 RI"
1997028,00;22/4/1997 00:00:00;"IND";2,00;"PEC";"PEC0173/95";"PEC 173/95 - Votação de requerimento de preferência Emenda"
1997029,00;22/4/1997 00:00:00;"REG";1,00;"PEC";"PEC0173/95";"PEC 173/95 - Votação de emenda aglutinativa nº 29"
1997031,00;23/4/1997 00:00:00;"REG";1,00;"PEC";"PEC0173/95";"PEC 173/95 - Votação de dvs nº 9 inciso IX do artigo 37."
1997034,00;6/5/1997 00:00:00;"IND";2,00;"PEC";"PEC0173/95";"PEC 173/95 - Votação de questão de ordem para efeito suspensivo"
1997035,00;6/5/1997 00:00:00;"REG";1,00;"PEC";"PEC0173/95";"PEC 173/95 - Votação de dvs nº 21"
1997038,00;7/5/1997 00:00:00;"APR";2,00;"PEC";"PEC0173/95";"PEC 173/95 - Votação de requerimento de preferência"
1997039,00;13/5/1997 00:00:00;"REG";1,00;"PEC";"PEC0173/95";"PEC 173/95 - Votação de dvs nº 37"
1997040,00;13/5/1997 00:00:00;"REG";1,00;"PEC";"PEC0173/95";"PEC 173/95 - Votação de emenda aglutinativa nº 30"
1997041,00;13/5/1997 00:00:00;"REG";1,00;"PEC";"PEC0173/95";"PEC 173/95 - Votação de emenda aglutinativa nº 39"
1997042,00;14/5/1997 00:00:00;"REG";1,00;"PEC";"PEC0173/95";"PEC 173/95 - Votação de emenda aglutinativa nº 2"
1997045,00;20/5/1997 00:00:00;"REG";1,00;"PEC";"PEC0173/95";"PEC 173/95 - Votação de dvs nº 45."
1997046,00;20/5/1997 00:00:00;"REG";1,00;"PEC";"PEC0173/95";"PEC 173/95 - Votação de dvs nº 55 expressão "" existentes em cada poder""."
1997053,00;10/6/1997 00:00:00;"REG";1,00;"PEC";"PEC0173/95";"PEC 173/95 - Votação de dvs nº 17 - Subtexto"
1997054,00;10/6/1997 00:00:00;"REG";1,00;"PEC";"PEC0173/95";"PEC 173/95 - Votação de emenda aglutinativa nº 1"
1997055,00;11/6/1997 00:00:00;"REG";2,00;"PL.";"PL.0821/95";"PL. 821/95  - Votação de requerimento de urgência art. 155 RI"
1997056,00;11/6/1997 00:00:00;"REJ";2,00;"REQ";"NAA";"Votação de requerimento para criação de comissão externa"
1997057,00;11/6/1997 00:00:00;"REG";1,00;"PEC";"PEC0173/95";"PEC 173/95 - Votação de dvs nº 24 - expressão ""órgãos"""
1997060,00;18/6/1997 00:00:00;"IND";1,00;"PL.";"PL.0821/95";"PL. 821/95 - Substitutivo."
1997062,00;18/6/1997 00:00:00;"IND";1,00;"PL.";"PL.0821/95";"PL. 821/95 -  Votação de dvs da emenda nº 215 CE/S"
1997063,00;18/6/1997 00:00:00;"IND";1,00;"PL.";"PL.0821/95";"PL. 821/95 -  Votação de dvs nº 4 - parágrafo único do art. 18"
1997064,00;19/6/1997 00:00:00;"IND";1,00;"PL.";"PL.0821/95";"PL. 821/95 - Votação DA emenda nº 78"
1997065,00;24/6/1997 00:00:00;"REJ";2,00;"PL.";"PL.2226/96";"PL. 2226/96 - Recurso nº 141/97"
1997066,00;24/6/1997 00:00:00;"REG";1,00;"PEC";"PEC0173/95";"PEC 173/95 - Votação de emenda aglutinativa nº 21"
1997067,00;25/6/1997 00:00:00;"REJ";2,00;"PL.";"PL.4695/94";"PL. 4695/94  - Votação de requerimento de retirada de pauta"
1997068,00;25/6/1997 00:00:00;"REG";1,00;"PEC";"PEC0173/95";"PEC 173/95 - Votação de emenda aglutinativa nº 22"
1997069,00;25/6/1997 00:00:00;"REJ";2,00;"PEC";"PEC0173/95";"PEC 173/95 - Votação de requerimento de preferência"
1997070,00;2/7/1997 00:00:00;"REG";1,00;"PEC";"PEC0173/95";"PEC 173/95 - Votação de dvs 24-a alínea C parágrafo 8"
1997071,00;2/7/1997 00:00:00;"REG";1,00;"PEC";"PEC0173/95";"PEC 173/95 - Votação de emenda aglutinativa nº 34."
1997072,00;2/7/1997 00:00:00;"REJ";2,00;"PEC";"PEC0173/95";"PEC 173/95 - Votação de requerimento para a prorrogação da sessão"
1997074,00;8/7/1997 00:00:00;"REG";1,00;"PEC";"PEC0173/95";"PEC 173/95 - Votação de dvs nº 52-a art. 169 parágrafo 2."
1997076,00;9/7/1997 00:00:00;"REG";1,00;"PEC";"PEC0173/95";"PEC 173/95 - Votação de dvs nº 40 - artigo 7"
1997079,00;9/7/1997 00:00:00;"REG";1,00;"PEC";"PEC0173/95";"PEC 173/95 - Votação de emenda aglutinativa nº 19"
1997080,00;9/7/1997 00:00:00;"REG";1,00;"PEC";"PEC0173/95";"PEC 173/95 - Votação de emenda aglutinativa nº 3."
1997081,00;10/7/1997 00:00:00;"REJ";2,00;"PEC";"PEC0449/97";"PEC 449/97 - Votação de requerimento adiamento da discussão"
1997082,00;15/7/1997 00:00:00;"REG";1,00;"PEC";"PEC0449/97";"PEC 449/97 -  Votação de emendas oferecidas na comissão"
1997084,00;16/7/1997 00:00:00;"REJ";2,00;"PEC";"PEC0449/97";"PEC 449/97 - Votação de requerimento de preferência dvs nº 22"
1997085,00;16/7/1997 00:00:00;"REG";1,00;"PEC";"PEC0449/97";"PEC 449/97 -  Votação de emenda adotada pela comissão especial"
1997086,00;16/7/1997 00:00:00;"REJ";2,00;"PEC";"PEC0449/97";"PEC 449/97 -  Votação de recurso contra decisão da presidência"
1997087,00;16/7/1997 00:00:00;"REG";1,00;"PEC";"PEC0449/97";"PEC 449/97 - Projeto"
1997088,00;16/7/1997 00:00:00;"REG";1,00;"PEC";"PEC0449/97";"PEC 449/97 - Votação de dvs nº 18 - artigo 4º da emenda da comissão"
1997089,00;16/7/1997 00:00:00;"REG";1,00;"PEC";"PEC0449/97";"PEC 449/97 - Votação de dvs nº 20 da expressão ""prioritariamente"""
1997090,00;17/7/1997 00:00:00;"REG";1,00;"PEC";"PEC0449/97";"PEC 449/97 - Votação de dvs nº 23 da emenda nº 6 comissão especial"
1997091,00;17/7/1997 00:00:00;"REG";1,00;"PEC";"PEC0449/97";"PEC 449/97 - Votação de emenda aglutinativa nº 12"
1997092,00;17/7/1997 00:00:00;"REG";1,00;"PEC";"PEC0449/97";"PEC 449/97 - Votação de emenda aglutinativa nº 16"
1997093,00;12/8/1997 00:00:00;"REG";2,00;"PL.";"PL.3242/97";"PL. 3242/97 - Votação de requerimento de urgência art. 155 RI"
1997095,00;13/8/1997 00:00:00;"REG";1,00;"PEC";"PEC0449/97";"PEC 449/97 - Projeto segundo turno"
1997096,00;13/8/1997 00:00:00;"REG";1,00;"PEC";"PEC0449/97";"PEC 449/97 - Votação de dvs da expressão "" prioritariamente """
1997097,00;13/8/1997 00:00:00;"REG";1,00;"PEC";"PEC0449/97";"PEC 449/97 - Votação de dvs da expressão "" excluída a parcela... """
1997098,00;20/8/1997 00:00:00;"REG";1,00;"PRC";"PRC0136/97";"PRC 136/97 - Votação de requerimento de retirada de pauta"
1997099,00;20/8/1997 00:00:00;"REJ";1,00;"PL.";"PL.3242/97";"PL. 3242/97 - Votação de dvs da emenda nº 22"
1997100,00;26/8/1997 00:00:00;"REG";2,00;"PL.";"PL.2381/96";"PL. 2381/96 - Votação de requerimento de urgência art. 155 RI"
1997101,00;27/8/1997 00:00:00;"IND";1,00;"PL.";"PL.3437/97";"PL. 3437/97 - Votação de REQUERIMENTO DE dvs nº 4"
1997102,00;28/8/1997 00:00:00;"IND";2,00;"PL.";"PL.2695/97";"PL. 2695/97  - Votação de requerimento de preferência"
1997103,00;3/9/1997 00:00:00;"REJ";2,00;"PL.";"PL.1521/96";"PL. 1521/96 - Recurso nº 165"
1997104,00;9/9/1997 00:00:00;"APR";1,00;"PL.";"PL.2381/96";"PL. 2381/96 - Projeto"
1997105,00;10/9/1997 00:00:00;"APR";1,00;"MPV";"MPV1251/97";"MPV 1508-20/97 (reedição da 1251/97) - Projeto"
1997106,00;10/9/1997 00:00:00;"APR";1,00;"PL.";"PL.4695/94";"PL. 4695/94 - Projeto"
1997107,00;16/9/1997 00:00:00;"REJ";2,00;"REQ";"NAA";"Votação de requerimento para criação de comissão externa"
1997108,00;23/9/1997 00:00:00;"REG";2,00;"PL.";"PL.1530/96";"PL. 1530/96  - Votação de requerimento de urgência art. 155 RI"
1997109,00;24/9/1997 00:00:00;"REG";1,00;"PEC";"PEC0338/96";"PEC 338/96 - Substitutivo"
1997110,00;24/9/1997 00:00:00;"REG";1,00;"PEC";"PEC0338/96";"PEC 338/96 - Votação de emenda aglutinativa nº 1"
1997111,00;24/9/1997 00:00:00;"REG";1,00;"PEC";"PEC0338/96";"PEC 338/96 - Votação de emenda aglutinativa nº 3"
1997112,00;24/9/1997 00:00:00;"REJ";1,00;"PL.";"PL.2695/97";"PL. 2695/97 - Votação da emenda nº 1 do Senado Federal"
1997113,00;24/9/1997 00:00:00;"REQ";1,00;"PL.";"PL.2695/97";"PL. 2695/97 - Votação de dvs da emenda nº 13"
1997114,00;24/9/1997 00:00:00;"REJ";1,00;"PL.";"PL.2695/97";"PL. 2695/97 - Votação de dvs da emenda nº 32"
1997115,00;30/9/1997 00:00:00;"APR";1,00;"PL.";"PL.1530/96";"PL. 1530/96 - Projeto"
1997118,00;14/10/1997 00:00:00;"APR";1,00;"PL.";"PL.4425/94";"PL. 4425/94 - Substitutivo"
1997119,00;15/10/1997 00:00:00;"REJ";1,00;"PL.";"PL.4425/94";"PL. 4425/94 - Votação da emenda nº 99"
1997120,00;15/10/1997 00:00:00;"REJ";1,00;"PL.";"PL.4425/94";"PL. 4425/94 - Votação da emenda nº96"
1997121,00;22/10/1997 00:00:00;"REG";1,00;"PEC";"PEC0338/96";"PEC 338/96 - Projeto segundo turno"
1997122,00;22/10/1997 00:00:00;"REG";1,00;"PEC";"PEC0338/96";"PEC 338/96 - Votação de dvs da expressão Incisos II A VIII."
1997124,00;4/11/1997 00:00:00;"REJ";2,00;"PEC";"PEC0173/95";"PEC 173/95 - Votação de questão de ordem para concessão de efeito suspensivo"
1997125,00;5/11/1997 00:00:00;"REG";2,00;"PL.";"PL.3553/97";"PL. 3553/97 - Votação de requerimento de urgência art. 155 RI"
1997126,00;11/11/1997 00:00:00;"REG";2,00;"PL.";"PL.3241/97";"PL. 3241/97 - Votação de requerimento de urgência art. 155 RI"
1997128,00;12/11/1997 00:00:00;"REG";1,00;"PEC";"PEC0173/95";"PEC 173/95 - Votação da redação para segundo turno."
1997129,00;12/11/1997 00:00:00;"APR";1,00;"PL.";"PL.3553/97";"PL. 3553/97 - Projeto"
1997130,00;19/11/1997 00:00:00;"REG";1,00;"PEC";"PEC0173/95";"PEC 173/95 - Projeto segundo turno"
1997131,00;19/11/1997 00:00:00;"APR";2,00;"PEC";"PEC0173/95";"PEC 173/95 - Votação de requerimento de preferência dvs nº 08"
1997132,00;19/11/1997 00:00:00;"REG";1,00;"PEC";"PEC0173/95";"PEC 173/95 - Votação de dvs nº 08 - art. 5"
1997136,00;25/11/1997 00:00:00;"REG";1,00;"PEC";"PEC0173/95";"PEC 173/95 - Votação de dvs nº 02"
1997140,00;26/11/1997 00:00:00;"REG";1,00;"PEC";"PEC0173/95";"PEC 173/95 - Votação de destaque do art. 169 parágrafo 4"
1997142,00;2/12/1997 00:00:00;"APR";1,00;"MPV";"MPV1602/97";"PLV 14/97 - Projeto"
1997143,00;3/12/1997 00:00:00;"APR";1,00;"MPV";"MPV1600/97";"PLV 10/97 - Projeto"
1997144,00;3/12/1997 00:00:00;"APR";1,00;"MPV";"MPV1522/96";"PLV 12/97 - Projeto"
1997145,00;4/12/1997 00:00:00;"REG";2,00;"PDC";"PDC0402/97";"PDC 402/97  - Votação de requerimento de urgência art. 155 RI"
1997147,00;4/12/1997 00:00:00;"REG";2,00;"PL.";"PL.3920/97";"PL. 3920/97 - Votação de requerimento de urgência art. 155 RI"
1997149,00;4/12/1997 00:00:00;"REG";1,00;"PLP";"PLP0014/95";"PLP 14/95 - Votação de emenda de plenário nº 2"
1997151,00;4/12/1997 00:00:00;"APR";1,00;"PL.";"PL.2353/96";"PL. 2353/96 - Votação de dvs do parágrafo 4. do artigo 30"
1997154,00;10/12/1997 00:00:00;"REJ";1,00;"PL.";"PL.5430/90";"PL. 5430/90 - Votação de dvs do artigo nº 104"
1998001,00;13/1/1998 00:00:00;"REG";2,00;"PL.";"PL.4011/97";"PL. 4011/97 - Votação de requerimento de urgência art. 155 RI"
1998005,00;20/1/1998 00:00:00;"REG";2,00;"PL.";"PL.4046/97";"PL. 4046/97 - Votação de requerimento de urgência art. 155 RI"
1998006,00;20/1/1998 00:00:00;"APR";2,00;"PEC";"PEC0472/97";"PEC 472/97 - Votação de recurso nº 213"
1998007,00;21/1/1998 00:00:00;"REJ";2,00;"PLP";"PLP0216/98";"PLP 216/98 - Votação de requerimento de retirada de pauta"
1998008,00;21/1/1998 00:00:00;"REJ";2,00;"PLP";"PLP0216/98";"PLP 216/98 - Votação de requerimento adiamento da discussão"
1998009,00;21/1/1998 00:00:00;"REG";1,00;"PLP";"PLP0216/98";"PLP 216/98 - Projeto"
1998010,00;21/1/1998 00:00:00;"REG";1,00;"PLP";"PLP0216/98";"PLP 216/98 - Votação de dvs das expressões caput art. 1"
1998011,00;21/1/1998 00:00:00;"REG";1,00;"PLP";"PLP0216/98";"PLP 216/98 - Votação do dvs art. 10"
1998012,00;27/1/1998 00:00:00;"REG";1,00;"PEC";"PEC0472/97";"PEC 472/97 -  Votação de emenda CCJR"
1998013,00;28/1/1998 00:00:00;"REJ";1,00;"PL.";"PL.1164/91";"PL. 1164/91 - Votação de dvs do Art. 47 do Senado Federal."
1998014,00;3/2/1998 00:00:00;"IND";2,00;"REQ";"NAA";"Votação de requerimento para criação de comissão externa"
1998015,00;4/2/1998 00:00:00;"IND";1,00;"PL.";"PL.0200/95";"PL. 200/95 - Votação de dvs da emenda 11 Senado Federal."
1998016,00;10/2/1998 00:00:00;"REJ";2,00;"PEC";"PEC0033/95";"PEC 33/95 - Votação de requerimento adiamento da discussão por nove sessões"
1998017,00;11/2/1998 00:00:00;"REG";1,00;"PEC";"PEC0033/95";"PEC 33/95 - Substitutivo do Senado Federal"
1998018,00;11/2/1998 00:00:00;"REG";1,00;"PEC";"PEC0033/95";"PEC 33/95 - Votação de emendas com parecer pela rejeição"
1998020,00;4/3/1998 00:00:00;"REG";1,00;"PEC";"PEC0033/95";"PEC 33/95 - Votação de emenda aglutinativa nº 49"
1998021,00;4/3/1998 00:00:00;"REG";1,00;"PEC";"PEC0033/95";"PEC 33/95 - Votação de emenda aglutinativa nº 2."
1998022,00;10/3/1998 00:00:00;"REG";1,00;"PEC";"PEC0033/95";"PEC 33/95 - Votação de emenda aglutinativa nº 53 ."
1998023,00;10/3/1998 00:00:00;"REG";1,00;"PEC";"PEC0033/95";"PEC 33/95 - Votação de emenda aglutinativa nº 54"
1998024,00;11/3/1998 00:00:00;"APR";2,00;"PEC";"PEC0033/95";"PEC 33/95  - Votação de requerimento de preferência"
1998025,00;11/3/1998 00:00:00;"REG";1,00;"PEC";"PEC0033/95";"PEC 33/95 - Votação de emenda aglutinativa nº 5."
1998026,00;11/3/1998 00:00:00;"REG";1,00;"PEC";"PEC0033/95";"PEC 33/95 - Votação de emenda aglutinativa nº 6."
1998027,00;11/3/1998 00:00:00;"REG";1,00;"PEC";"PEC0033/95";"PEC 33/95 - Votação de emenda aglutinativa nº 39."
1998028,00;12/3/1998 00:00:00;"REJ";2,00;"REQ";"NAA";"Votação de requerimento para criação de comissão externa"
1998029,00;12/3/1998 00:00:00;"REG";1,00;"PEC";"PEC0033/95";"PEC 33/95 - Votação de emenda aglutinativa nº 11 ."
1998030,00;17/3/1998 00:00:00;"REJ";2,00;"REC";"REC0227/98";"REC 227/98 - Votação de recurso"
1998031,00;17/3/1998 00:00:00;"REG";1,00;"PEC";"PEC0033/95";"PEC 33/95 - Votação de emenda aglutinativa nº 11 ."
1998032,00;17/3/1998 00:00:00;"REG";1,00;"PEC";"PEC0033/95";"PEC 33/95 - Votação de emenda aglutinativa nº 56"
1998033,00;17/3/1998 00:00:00;"REG";1,00;"PEC";"PEC0033/95";"PEC 33/95 - Votação de emenda aglutinativa nº 57 ."
1998034,00;18/3/1998 00:00:00;"REG";1,00;"PEC";"PEC0033/95";"PEC 33/95 - Votação de emenda aglutinativa nº 55 ."
1998035,00;18/3/1998 00:00:00;"REJ";2,00;"PEC";"PEC0033/95";"PEC 33/95 - Votação de requerimento de preferência"
1998036,00;18/3/1998 00:00:00;"REG";1,00;"PEC";"PEC0033/95";"PEC 33/95 - Votação de dvs nº 3"
1998037,00;18/3/1998 00:00:00;"REG";1,00;"PEC";"PEC0033/95";"PEC 33/95 - Votação de emenda aglutinativa nº 15"
1998038,00;18/3/1998 00:00:00;"REG";1,00;"PEC";"PEC0033/95";"PEC 33/95 - Votação de emenda aglutinativa nº 19"
1998039,00;18/3/1998 00:00:00;"REG";1,00;"PEC";"PEC0033/95";"PEC 33/95 - Votação de emenda aglutinativa nº 20"
1998040,00;19/3/1998 00:00:00;"REG";1,00;"PEC";"PEC0033/95";"PEC 33/95 - Votação de emenda aglutinativa nº 44."
1998041,00;24/3/1998 00:00:00;"REG";1,00;"PEC";"PEC0033/95";"PEC 33/95 - Votação de emenda aglutinativa nº 28."
1998042,00;24/3/1998 00:00:00;"APR";2,00;"PEC";"PEC0033/95";"PEC 33/95  - Votação de requerimento de preferência"
1998043,00;24/3/1998 00:00:00;"REG";1,00;"PEC";"PEC0033/95";"PEC 33/95 - Votação de emenda aglutinativa nº 62"
1998044,00;25/3/1998 00:00:00;"REG";1,00;"PEC";"PEC0033/95";"PEC 33/95 - Votação de emenda aglutinativa nº 48 ."
1998045,00;25/3/1998 00:00:00;"REG";1,00;"PEC";"PEC0033/95";"PEC 33/95 - Votação de emenda aglutinativa nº 38."
1998046,00;25/3/1998 00:00:00;"APR";2,00;"PEC";"PEC0033/95";"PEC 33/95  - Votação de requerimento de preferência"
1998047,00;25/3/1998 00:00:00;"REG";1,00;"PEC";"PEC0033/95";"PEC 33/95 - Votação de emenda aglutinativa nº 63"
1998048,00;25/3/1998 00:00:00;"REG";1,00;"PEC";"PEC0033/95";"PEC 33/95 - Votação de emenda aglutinativa nº 29 ."
1998049,00;25/3/1998 00:00:00;"REG";1,00;"PEC";"PEC0033/95";"PEC 33/95 - Votação de emenda aglutinativa nº 60."
1998050,00;25/3/1998 00:00:00;"REG";1,00;"PEC";"PEC0033/95";"PEC 33/95 - Votação de emenda aglutinativa nº 61."
1998051,00;1/4/1998 00:00:00;"APR";1,00;"MPV";"MPV1580/97";"MPV 1580-8/98 - Projeto"
1998052,00;1/4/1998 00:00:00;"APR";1,00;"MPV";"MPV1576/98";"MPV 1631-10/98 - Projeto"
1998053,00;1/4/1998 00:00:00;"APR";1,00;"MPV";"MPV0831/98";"MPV 1644-41/98 (reedição da 831/98) - Projeto"
1998054,00;1/4/1998 00:00:00;"APR";1,00;"MPV";"MPV1592/97";"MPV 1592-5/98 - Projeto"
1998055,00;29/4/1998 00:00:00;"APR";2,00;"PEC";"PEC0033/95";"PEC 33/95  - Votação de requerimento de preferência"
1998056,00;29/4/1998 00:00:00;"REG";1,00;"PEC";"PEC0033/95";"PEC 33/95 - Votação de emenda aglutinativa nº 59"
1998057,00;29/4/1998 00:00:00;"REG";1,00;"PEC";"PEC0033/95";"PEC 33/95 - Votação de emenda aglutinativa nº 58"
1998058,00;5/5/1998 00:00:00;"APR";2,00;"MPV";"MPV1524/96";"MPV 1606-20/98 - Votação do requerimento nº 44/98 para inversão da pauta"
1998060,00;6/5/1998 00:00:00;"REG";1,00;"PEC";"PEC0033/95";"PEC 33/95 - Votação de dvs nº 05"
1998062,00;6/5/1998 00:00:00;"REJ";2,00;"REC";"PEC0033/95";"PEC 33/95 - Votação de recurso referente a emenda nº 64"
1998063,00;6/5/1998 00:00:00;"REG";1,00;"PEC";"PEC0033/95";"PEC 33/95 - Votação de dvs nº 04"
1998064,00;12/5/1998 00:00:00;"REQ";1,00;"MPV";"MPV1531/98";"PLV 05/98 - Projeto"
1998065,00;12/5/1998 00:00:00;"REQ";1,00;"MPV";"MPV1594/98";"MPV 1613-7/98 - Projeto"
1998066,00;13/5/1998 00:00:00;"REJ";2,00;"PEC";"PEC0033/95";"PEC 33/95 - Votação de questão de ordem para a concessão de efeito suspensivo"
1998068,00;13/5/1998 00:00:00;"REG";1,00;"PEC";"PEC0033/95";"PEC 33/95 - Votação de dvs nº 07."
1998069,00;13/5/1998 00:00:00;"REG";1,00;"PEC";"PEC0033/95";"PEC 33/95 - Votação de dvs nº 09. DE BANCADA BLOCO PT-PCDOB-PDT"
1998070,00;13/5/1998 00:00:00;"REG";1,00;"PEC";"PEC0033/95";"PEC 33/95 - Votação de dvs nº 02"
1998071,00;13/5/1998 00:00:00;"REG";1,00;"PEC";"PEC0033/95";"PEC 33/95 - Votação de dvs nº 01"
1998072,00;19/5/1998 00:00:00;"REG";2,00;"PL.";"PL.3283/97";"PL. 3283/97 - Votação de requerimento de urgência art. 155 RI"
1998073,00;19/5/1998 00:00:00;"APR";2,00;"PL.";"PL.4300/98";"PL. 4300/98 - Votação de requerimento de retirada de pauta"
1998074,00;20/5/1998 00:00:00;"APR";2,00;"PEC";"PEC0033/95";"PEC 33/95 - Votação de requerimento para dispensa de interstício"
1998075,00;20/5/1998 00:00:00;"REJ";2,00;"PEC";"PEC0033/95";"PEC 33/95 - Votação de requerimento de retirada de pauta"
1998076,00;26/5/1998 00:00:00;"APR";2,00;"PEC";"PEC0033/95";"PEC 33/95 - Votação de requerimento para dispensa de interstício"
1998077,00;27/5/1998 00:00:00;"APR";1,00;"PEC";"PEC0033/95";"PEC 33/95 - Projeto Segundo Turno"
1998078,00;3/6/1998 00:00:00;"REJ";2,00;"PEC";"PEC0033/95";"PEC 33/95  - Votação de requerimento adiamento da discussão"
1998079,00;3/6/1998 00:00:00;"REG";1,00;"PEC";"PEC0033/95";"PEC 33/95 - Projeto segundo turno"
1998080,00;3/6/1998 00:00:00;"REG";1,00;"PEC";"PEC0033/95";"PEC 33/95 - Votação de dvs nº 1 DE BANCADA PSB"
1998081,00;3/6/1998 00:00:00;"APR";2,00;"PEC";"PEC0033/95";"PEC 33/95  - Votação de requerimento de preferência para o dvs nº 6"
1998085,00;17/6/1998 00:00:00;"REG";1,00;"PEC";"PEC0033/95";"PEC 33/95 - Votação de dvs nº 06 da expressão ""constante do..."""
1998086,00;17/6/1998 00:00:00;"REG";1,00;"PEC";"PEC0033/95";"PEC 33/95 - Votação de dvs nº 2 - Redutor"
1998090,00;30/6/1998 00:00:00;"REG";2,00;"PL.";"PL.4606/98";"PL. 4606/98 - Votação de requerimento de urgência art. 155 RI"
1998094,00;12/8/1998 00:00:00;"REJ";2,00;"PL.";"PL.4606/98";"PL. 4606/98 - Votação de requerimento de retirada de pauta"
1998096,00;4/11/1998 00:00:00;"REJ";2,00;"PL.";"PL.4606/98";"PL. 4606/98 - Votação de requerimento de retirada de pauta da urgência"
1998097,00;4/11/1998 00:00:00;"REG";2,00;"PL.";"PL.4606/98";"PL. 4606/98 - Votação de requerimento de urgência art. 155 RI"
1998098,00;4/11/1998 00:00:00;"REG";1,00;"PEC";"PEC0033/95";"PEC 33/95 - Votação de dvs nº 3"
1998100,00;4/11/1998 00:00:00;"REG";1,00;"PEC";"PEC0033/95";"PEC 33/95 - Votação de dvs nº 7 PT"
1998102,00;10/11/1998 00:00:00;"APR";1,00;"PL.";"PL.4606/98";"PL. 4606/98 - Projeto"
1998103,00;11/11/1998 00:00:00;"APR";1,00;"MPV";"MPV1674/98";"MPV 1674-57/98 - Projeto"
1998104,00;11/11/1998 00:00:00;"APR";1,00;"MPV";"MPV1722/98";"MPV 1722/98 - Projeto"
1998105,00;11/11/1998 00:00:00;"REJ";2,00;"PDC";"PDC0028/99";"MSC 910/97 - Votação de requerimento de retirada de pauta"
1998106,00;11/11/1998 00:00:00;"REG";2,00;"MSF";"MSC0910/97";"MSC 910/97 - Votação de requerimento de urgência art. 155 RI"
1998107,00;18/11/1998 00:00:00;"APR";1,00;"MPV";"MPV1723/98";"PLV 15/98 - Projeto"
1998108,00;18/11/1998 00:00:00;"APR";1,00;"MPV";"MPV1584/97";"MPV 1633-15/98 - Projeto"
1998110,00;24/11/1998 00:00:00;"REJ";2,00;"PEC";"PEC0033/95";"PEC 33/95 - Votação de requerimento de retirada de pauta"
1998112,00;25/11/1998 00:00:00;"APR";1,00;"MPV";"MPV1575/98";"MPV 1728-19/98 - Projeto"
1998114,00;25/11/1998 00:00:00;"REJ";2,00;"PL.";"PL.4071/98";"PL. 4071/98 - Votação de requerimento de retirada de pauta da urgência"
1998115,00;25/11/1998 00:00:00;"REG";2,00;"PL.";"PL.4071/98";"PL. 4071/98 - Votação de requerimento de urgência art. 155 RI"
1998116,00;1/12/1998 00:00:00;"APR";1,00;"PEC";"PEC0033/95";"PEC 33/95 - Redação Final"
1998117,00;2/12/1998 00:00:00;"APR";1,00;"MPV";"MPV1720/98";"PLV 19/98 - Projeto"
1998119,00;5/1/1999 00:00:00;"REJ";2,00;"PDC";"PDC0658/98";"PDC 658-a/98 - Votação de requerimento de retirada de pauta"
1998120,00;6/1/1999 00:00:00;"REJ";2,00;"PL.";"PL.4071/98";"PL. 4071/98 - Votação de requerimento de retirada de pauta"
1998121,00;6/1/1999 00:00:00;"REG";2,00;"PL.";"PL.4071/98";"PL. 4071/98 - Votação de requerimento de urgência art. 155 RI"
1998123,00;6/1/1999 00:00:00;"REG";2,00;"PDC";"PDC0758/99";"MSC 1502/98 - Votação de requerimento de urgência art. 155 RI"
1998125,00;12/1/1999 00:00:00;"REJ";2,00;"PL.";"PL.4812/98";"PL. 4812/98 - Votação de requerimento de retirada de pauta da urgência"
1998126,00;12/1/1999 00:00:00;"REG";2,00;"PL.";"PL.4812/98";"PL. 4812/98 - Votação de requerimento de urgência art. 155 RI"
1998127,00;12/1/1999 00:00:00;"REJ";2,00;"PLP";"PLP0242/98";"PLP 242/98 - Votação de requerimento de retirada de pauta da urgência"
1998128,00;12/1/1999 00:00:00;"REG";2,00;"PLP";"PLP0248/98";"PLP 248/98 - Votação de requerimento de urgência art. 155 RI"
1998129,00;12/1/1999 00:00:00;"IND";2,00;"PLP";"PLP0249/98";"PLP 249/98 - Votação de requerimento de retirada de pauta da urgência"
1998130,00;12/1/1999 00:00:00;"REG";2,00;"PLP";"PLP0249/98";"PLP 249/98 - Votação de requerimento de urgência art. 155 RI"
1998132,00;19/1/1999 00:00:00;"APR";1,00;"PL.";"PL.2960/97";"PL. 2960/97 - Projeto"
1998133,00;20/1/1999 00:00:00;"REG";2,00;"PL.";"PL.4898/99";"PL. 4898/99 - Votação de requerimento de urgência art. 155 RI"
1998134,00;20/1/1999 00:00:00;"APR";1,00;"PL.";"PL.4898/99";"PL. 4898/99 - Substitutivo"
1998135,00;26/1/1999 00:00:00;"APR";1,00;"PL.";"PL.4812/98";"PL. 4812/98 - Projeto"
1998136,00;26/1/1999 00:00:00;"REJ";2,00;"PLP";"PLP0249/98";"PLP 249/98 - Votação de requerimento de retirada de pauta"
1998137,00;27/1/1999 00:00:00;"REJ";2,00;"PLP";"PLP0249/98";"PLP 249/98 - Votação de requerimento de retirada de pauta"
1998138,00;27/1/1999 00:00:00;"REG";1,00;"PLP";"PLP0249/98";"PLP 249/98 - Votação de subemenda as emendas nº 24,14 e 21"
1998140,00;27/1/1999 00:00:00;"REG";1,00;"PLP";"PLP0249/98";"PLP 249/98 - Projeto"
1998141,00;27/1/1999 00:00:00;"REG";2,00;"PLP";"PLP0249/98";"PLP 249/98 - Votação de requerimento para votação em globo destaques simples"
1998144,00;27/1/1999 00:00:00;"REG";1,00;"PLP";"PLP0249/98";"PLP 249/98 - Votação do dvs do artigo 3ª"
1998145,00;27/1/1999 00:00:00;"REG";1,00;"PLP";"PLP0249/98";"PLP 249/98 - Votação de dvs da expressão ""nas atividades...publica"" ( artigo 3"
1998148,00;27/1/1999 00:00:00;"REG";1,00;"PLP";"PLP0249/98";"PLP 249/98 - Votação de dvs parágrafo 2ª artigo 6ª"
